18.042,26.06923566197183,"1 Rinse-Rinse a tomato"
32.085213122426865,42.11184222318526,"2 dry-gently dry it with a tea towel"
55.14646005417118,123.82886939436618,"3 Slice-Slice one tomato into about 1/2 inch thick slices"
152.90609378656555,177.4713350834236,"4 Place-Place the thick slices of tomatoes on a platter, ensuring they only make a single layer"
202.03657638028167,218.0791829414951,"7 Season-Season platter with 1/4 teaspoon black pepper"
229.10847495232937,241.1404298732394,"5 Garnish-Garnish platter with italian seasoning"
260.1910251646804,272.7243115406284,"8 Sprinkle-Sprinkle mozzarella cheese on top of the tomato throughout the platter"
284.25493500650055,300.7988730227519,"6 Season-Season the tomato slices with salt"
337.89740069555796,352.43601289165764,"9 Add-Add a drizzle of extra-virgin olive oil, about 1 tablespoon, over the entire platter"
