0.004529509320175438,63.20024354440788,"1 Fill-Fill a microwave-safe mug with skimmed milk"
70.4474584566886,134.51283828125,"2 Microwave-Microwave the contents of the mug for 1 minute"
133.93306108826752,170.4590242461623,"4 Add-Add 2 pieces of chocolate to the mug"
170.45902424616227,218.58053126370615,"5 Add-Add 1/5 teaspoon cinnamon to the mug"
223.79852600054824,295.98078652686405,"3 Add-Add 1 teaspoon of white sugar to the mug"
296.56056371984647,376.8597049479166,"6 Mix-Mix the contents of the mug"
377.4394821408991,451.93632192982454,"7 Heat-Heat the contents of the mug for 1 minute and serve"
