7.423080809357378,74.50797675923206,"1 Fill-Fill a microwave-safe mug with skimmed milk"
89.34405951737743,159.97671438767816,"2 Microwave-Microwave the contents of the mug for 1 minute"
163.52447330810426,247.70311678366815,"3 Add-Add 1 teaspoon of white sugar to the mug"
247.3805932454476,299.6294064371769,"4 Add-Add 2 pieces of chocolate to the mug"
303.49968889582357,360.2638316226406,"5 Add-Add 1/5 teaspoon cinnamon to the mug"
360.26383162264057,422.18835096098644,"6 Mix-Mix the contents of the mug"
425.413586343192,487.0155821433173,"6 Mix-Mix the contents of the mug"
424.1234921903098,500.884094286801,"7 Heat-Heat the contents of the mug for 1 minute and serve"
