7.227750037760416,92.3053490941514,"1 Fill-Fill a microwave-safe mug with skimmed milk"
99.79645844502859,173.90493309477793,"2 Microwave-Microwave the contents of the mug for 1 minute"
174.97509157347469,220.99190615743458,"5 Add-Add 1/5 teaspoon cinnamon to the mug"
222.8646834951539,253.6317397576852,"4 Add-Add 2 pieces of chocolate to the mug"
258.7149925314947,310.35013912861257,"3 Measurement Error, ErrorDescription"
313.8281541843769,347.80568588299855,"6 Mix-Mix the contents of the mug"
347.5381462633243,416.02828889991576,"7 Heat-Heat the contents of the mug for 1 minute and serve"
