36.478153521126764,41.68931830985915,"1 Rinse-Rinse a tomato"
42.584,61.375940845070424,"2 dry-gently dry it with a tea towel"
97.27507605633802,156.913961971831,"3 Slice-Slice one tomato into about 1/2 inch thick slices"
179.49567605633803,210.76266478873237,"4 Place-Place the thick slices of tomatoes on a platter, ensuring they only make a single layer"
254.76805633802817,278.5078070422535,"5 Garnish-Garnish platter with italian seasoning"
314.9859605633803,347.410985915493,"7 Season-Season platter with 1/4 teaspoon black pepper"
369.41368169014083,391.9953957746479,"8 Sprinkle-Sprinkle mozzarella cheese on top of the tomato throughout the platter"
406.47085352112674,434.2637323943662,"6 Season-Season the tomato slices with salt"
493.9026183098591,523.432552112676,"9 Add-Add a drizzle of extra-virgin olive oil, about 1 tablespoon, over the entire platter"
