26.813352112676057,32.080260563380286,"1 Rinse-Rinse a tomato"
35.91073943661972,51.7114647887324,"2 dry-gently dry it with a tea towel"
90.97387323943661,112.99912676056339,"3 Slice-Slice one tomato into about 1/2 inch thick slices"
124.96937323943664,145.5581971830986,"4 Place-Place the thick slices of tomatoes on a platter, ensuring they only make a single layer"
184.82060563380284,195.8332323943662,"5 Garnish-Garnish platter with italian seasoning"
219.29491549295776,252.33279577464788,"7 Season-Season platter with 1/4 teaspoon black pepper"
267.65471126760565,280.58257746478876,"6 Season-Season the tomato slices with salt"
297.3409225352113,322.2390352112676,"8 Sprinkle-Sprinkle mozzarella cheese on top of the tomato throughout the platter"
389.75122535211267,416.5645774647887,"9 Add-Add a drizzle of extra-virgin olive oil, about 1 tablespoon, over the entire platter"
