28.82012392524377,102.28318491115925,"1 Measure-Measure 2 cups of frozen corn"
112.45499335536293,145.79592103358613,"2 Thaw-Thaw the frozen corn by putting it in a sieve and running it under cold water"
234.51669468580712,249.644,"3 Add-Add the corn into a microwave-safe bowl"
261.0764167345612,393.203,"4 Microwave-Microwave the corn for 2 minutes"
409.872,415.34884480498374,"6 Add-Add 1 teaspoon of softened butter"
463.38238468039003,475.2494945319609,"5 Add-1 teaspoon of pepper powder to the bowl"
480.90049922318525,500.6790156424701,"7 stir-then stir the bowl"
507.4602212719393,514.8065273705308,"8 Technique Error, ErrorDescription"
