16.06588732394366,20.082359154929577,"1 Rinse-Rinse a tomato"
23.027771830985916,36.951540845070426,"2 dry-gently dry it with a tea towel"
44.984484507042254,62.12143098591549,"3 Slice-Slice one tomato into about 1/2 inch thick slices"
77.11625915492957,89.094,"4 Place-Place the thick slices of tomatoes on a platter, ensuring they only make a single layer"
120.49415492957745,142.1831028169014,"7 Season-Season platter with 1/4 teaspoon black pepper"
149.483,155.83910704225352,"6 Season-Season the tomato slices with salt"
161.99769718309858,171.63722957746478,"5 Garnish-Garnish platter with italian seasoning"
197.07488450704224,222.5125394366197,"8 Sprinkle-Sprinkle mozzarella cheese on top of the tomato throughout the platter"
234.02642535211265,242.0593690140845,"9 Add-Add a drizzle of extra-virgin olive oil, about 1 tablespoon, over the entire platter"
