24.250661971830986,33.70430985915493,"1 Rinse-Rinse a tomato"
33.992,46.035154929577466,"2 dry-gently dry it with a tea towel"
67.40861971830986,122.89742253521128,"3 Slice-Slice one tomato into about 1/2 inch thick slices"
136.87238028169014,159.47892957746478,"4 Place-Place the thick slices of tomatoes on a platter, ensuring they only make a single layer"
169.7546338028169,182.08547887323942,"6 Season-Season the tomato slices with salt"
193.5942676056338,219.48904225352115,"5 Garnish-Garnish platter with italian seasoning"
242.09559154929576,267.16830985915493,"8 Sprinkle-Sprinkle mozzarella cheese on top of the tomato throughout the platter"
284.0204647887324,322.24608450704227,"7 Season-Season platter with 1/4 teaspoon black pepper"
347.7298309859155,369.993,"9 Add-Add a drizzle of extra-virgin olive oil, about 1 tablespoon, over the entire platter"
