30.185988243770314,40.133,"1 Rinse-Rinse a tomato"
40.994,48.279,"2 dry-gently dry it with a tea towel"
85.43204219934995,124.213,"3 Slice-Slice one tomato into about 1/2 inch thick slices"
164.02952102275188,180.5463825146262,"4 Place-Place the thick slices of tomatoes on a platter, ensuring they only make a single layer"
193.07641537053087,222.12330971830986,"6 Season-Season the tomato slices with salt"
255.1570327020585,303.56852328169015,"8 Sprinkle-Sprinkle mozzarella cheese on top of the tomato throughout the platter"
374.7618917811484,396.40467580498375,"5 Garnish-Garnish platter with italian seasoning"
412.3519903488624,447.094354176598,"7 Season-Season platter with 1/4 teaspoon black pepper"
489.810375276273,510.88361235211266,"9 Add-Add a drizzle of extra-virgin olive oil, about 1 tablespoon, over the entire platter"
