22.5025089035753,35.22131828385699,"1 Rinse-Rinse a tomato"
50.386052544962084,58.21301216359697,"2 dry-gently dry it with a tea towel"
87.56411073347779,121.599,"3 Slice-Slice one tomato into about 1/2 inch thick slices"
141.37445811159265,164.985,"4 Place-Place the thick slices of tomatoes on a platter, ensuring they only make a single layer"
184.4227360140845,200.163,"5 Garnish-Garnish platter with italian seasoning"
214.7522045362947,235.29797353521127,"6 Season-Season the tomato slices with salt"
255.3545575579632,284.705656127844,"8 Sprinkle-Sprinkle mozzarella cheese on top of the tomato throughout the platter"
324.8188241733478,344.87540819609967,"7 Season-Season platter with 1/4 teaspoon black pepper"
414.3396748114843,440.75566352437704,"9 Add-Add a drizzle of extra-virgin olive oil, about 1 tablespoon, over the entire platter"
