8.489844933535009,76.73136836398612,"1 Fill-Fill a microwave-safe mug with skimmed milk"
79.68235316097861,163.41654677564028,"2 Microwave-Microwave the contents of the mug for 1 minute"
196.61512574180568,292.89100474368536,"5 Add-Add 1/5 teaspoon cinnamon to the mug"
296.579735739926,394.69998023992594,"4 Add-Add 2 pieces of chocolate to the mug"
399.4953305350387,420.8899703132342,"3 Add-Add 1 teaspoon of white sugar to the mug"
422.7343358113545,464.4169960688733,"6 Mix-Mix the contents of the mug"
491.71360544105374,566.963717764362,"7 Heat-Heat the contents of the mug for 1 minute and serve"
