1.5905532356770835,60.552568247581846,"1 Fill-Fill a microwave-safe mug with skimmed milk"
61.610182866629465,152.30063644996278,"2 Microwave-Microwave the contents of the mug for 1 minute"
152.5650401047247,171.33769959281994,"5 Add-Add 1/5 teaspoon cinnamon to the mug"
172.13091055710566,228.71329267615326,"4 Add-Add 2 pieces of chocolate to the mug"
229.50650364043898,284.50246383091513,"3 Add-Add 1 teaspoon of white sugar to the mug"
287.14650037853414,331.30191072377227,"6 Mix-Mix the contents of the mug"
332.09512168805804,409.3009888785342,"7 Heat-Heat the contents of the mug for 1 minute and serve"
